area_sqft,bhk,bathrooms,age_years,garage,location_score,quality_score,city_tier,price_lakhs
1241,3,3,21,1,4.7,8.4,3,18.21
692,1,1,16,1,4.5,6.5,3,9.02
1858,4,5,18,1,5.2,7.9,3,27.14
1587,4,4,6,1,8.6,5.0,1,121.07
1458,4,5,25,1,4.6,6.3,2,30.09
1497,4,5,18,1,7.2,9.8,2,57.48
1323,3,3,27,1,4.3,5.4,1,50.53
1084,3,3,21,1,6.7,9.0,2,37.39
1102,2,2,14,1,7.9,7.7,3,21.88
1390,3,3,26,1,8.1,5.3,3,23.65
3064,5,5,20,1,6.4,4.4,2,73.04
1244,4,5,28,1,6.8,5.6,3,21.47
1776,4,4,27,1,5.3,10.0,2,46.82
1983,5,6,19,1,5.0,8.1,3,29.78
3238,5,6,24,1,5.5,7.3,3,42.08
496,2,2,16,1,5.8,4.9,1,27.63
1156,3,3,17,1,9.1,7.0,2,49.79
1729,4,5,28,1,9.5,7.6,3,38.22
1911,4,4,23,1,5.4,5.4,2,41.58
1001,3,3,8,1,9.9,7.2,1,96.98
1845,4,5,12,1,6.5,5.3,3,28.69
1648,4,4,2,1,6.2,9.4,3,31.52
543,1,1,2,1,7.3,7.5,3,11.73
2173,5,5,23,1,4.4,5.4,2,39.16
1695,5,5,3,1,7.5,5.5,3,31.7
2828,5,5,1,1,6.1,6.5,2,79.07
1142,3,3,13,1,8.8,4.7,2,42.34
1630,4,4,20,1,5.5,9.5,2,46.59
2765,5,6,15,1,9.8,9.6,1,277.67
478,2,3,29,1,9.4,5.0,2,20.38
2522,5,5,6,1,8.2,8.4,2,103.97
2406,5,5,18,1,7.5,7.3,1,168.46
880,2,2,19,1,4.9,9.8,3,14.47
1917,4,4,13,1,6.4,9.6,1,134.23
1166,3,3,8,1,7.1,9.6,3,25.25
3154,5,5,14,1,7.9,6.7,3,55.14
1183,3,3,29,1,10.0,4.4,3,23.18
1074,3,3,21,1,9.3,6.2,1,87.72
2891,5,5,28,1,9.6,4.6,2,101.63
1178,3,3,21,1,4.9,5.7,3,15.78
3037,5,5,20,1,7.0,5.5,2,84.51
1013,3,3,23,1,4.3,6.0,2,20.2
865,2,2,26,1,6.6,4.1,3,12.73
1359,3,4,6,1,4.9,4.8,3,17.79
2919,5,5,29,1,4.6,8.7,3,35.52
2906,5,5,23,1,9.9,8.9,1,274.9
2618,5,5,25,1,8.8,9.2,2,110.15
1200,4,5,9,1,9.2,9.2,2,61.98
1537,4,4,30,1,5.3,8.0,1,79.75
3564,5,5,3,1,7.8,6.4,2,125.94
1278,3,4,11,1,5.1,9.8,2,36.37
977,2,3,1,1,6.6,9.9,2,37.09
2371,5,6,13,1,8.1,9.6,3,51.44
2157,5,6,16,1,9.5,7.7,3,49.19
1880,4,5,21,1,6.0,8.2,2,54.07
1915,5,5,9,1,8.5,5.0,3,36.38
1386,4,5,21,1,8.7,7.6,2,57.61
2368,5,6,16,1,8.8,9.8,2,108.61
2416,5,5,25,1,6.0,8.9,3,37.95
2020,5,6,13,1,4.3,9.9,1,104.59
1742,4,4,20,1,5.2,8.2,3,25.86
2594,5,5,17,1,8.7,5.3,1,186.49
2169,5,6,19,1,6.7,8.8,1,149.41
1636,4,5,14,1,6.6,9.4,3,31.86
2502,5,5,8,1,9.0,5.7,1,199.53
1381,3,3,4,1,5.7,5.6,3,20.28
1571,4,5,13,1,4.9,5.3,3,20.77
3262,5,6,15,1,6.3,8.6,2,96.2
2954,5,5,15,1,5.8,6.3,2,72.04
2173,5,5,26,1,6.9,6.3,2,62.94
3031,5,5,20,1,9.9,7.2,1,265.72
1396,4,5,10,1,5.1,5.6,2,33.36
1585,3,4,0,1,5.7,9.7,2,50.47
2122,5,5,30,1,10.0,6.1,1,170.13
1696,4,4,14,1,7.7,5.4,1,114.18
2405,5,5,30,1,5.0,7.6,2,51.7
2196,5,6,30,1,4.2,5.9,3,24.37
1237,4,4,25,1,7.6,9.0,1,95.92
1481,4,4,27,1,6.1,6.6,1,81.65
2083,5,5,13,1,4.6,9.8,2,50.47
2609,5,6,13,1,9.8,5.6,3,54.12
2693,5,6,28,1,5.6,9.1,3,39.67
1413,4,5,5,1,7.4,8.0,2,55.2
2901,5,5,16,1,8.8,6.0,2,108.88
1882,4,5,20,1,5.4,6.4,1,95.07
1198,2,3,21,1,8.8,4.6,2,41.71
3815,5,6,22,1,7.3,6.1,2,111.59
1144,2,2,6,1,5.5,4.7,2,26.37
2445,5,5,26,1,5.7,7.5,2,60.6
2284,5,6,1,1,6.2,5.8,1,138.45
2089,5,5,27,1,5.8,9.7,3,34.24
1128,2,3,30,1,6.8,6.6,2,32.88
861,2,2,4,1,8.9,6.4,1,74.34
2459,5,6,14,1,10.0,4.7,1,200.72
1353,3,3,30,1,9.2,9.9,2,61.75
1072,2,2,5,1,5.3,8.0,3,16.72
706,2,3,22,1,8.1,6.8,2,27.29
2055,5,6,3,1,9.5,8.7,1,207.6
1040,2,2,25,1,4.9,5.6,3,12.89
1622,5,6,22,1,8.9,9.5,3,40.08
881,2,3,23,0,7.0,7.0,2,26.76
2814,5,6,18,1,5.4,8.0,1,150.53
3080,5,6,20,1,6.8,7.9,1,200.57
1383,3,3,10,1,6.8,6.5,1,89.7
2629,5,6,2,1,5.7,9.7,2,80.47
2833,5,6,13,1,4.7,8.6,2,63.16
2056,5,5,8,1,6.2,8.5,3,36.56
991,2,2,9,1,6.6,8.2,2,33.42
971,2,2,15,1,5.3,9.0,1,56.34
3553,5,6,17,1,5.6,9.0,3,50.69
2897,5,6,24,1,9.5,7.0,1,239.55
1282,3,4,23,1,6.0,8.7,2,38.22
2834,5,6,11,1,7.5,8.0,3,52.5
2853,5,6,7,1,6.3,9.6,3,50.86
2276,5,6,21,1,4.3,8.5,2,47.16
726,2,2,27,1,9.9,7.0,3,17.55
2327,5,5,2,1,7.2,6.7,1,165.38
2121,5,6,30,1,6.0,8.2,2,58.16
1849,4,4,20,1,9.3,6.9,3,38.9
1611,4,4,14,1,10.0,8.5,2,80.54
2566,5,6,11,1,9.4,4.3,2,96.61
2553,5,5,2,1,7.2,7.4,1,187.47
3062,5,5,14,1,7.7,5.4,2,96.77
2596,5,5,2,1,5.5,4.1,2,57.5
3381,5,6,27,1,9.9,5.8,2,131.21
1502,4,5,22,1,9.1,4.6,2,54.9
2833,5,6,26,1,6.4,4.0,3,35.6
2587,5,5,19,1,8.7,5.4,2,91.21
1027,2,2,9,1,8.6,8.1,3,23.21
909,3,4,23,0,7.5,8.4,1,66.5
1759,5,5,8,1,9.3,6.2,3,39.6
2857,5,6,30,1,9.8,5.8,2,108.91
3550,5,5,25,1,9.2,8.3,1,296.64
2183,5,6,26,1,7.2,6.7,2,68.03
668,2,2,20,0,4.7,5.4,2,13.08
1034,2,3,15,1,5.8,6.4,3,15.97
1653,5,5,28,1,9.3,4.8,1,119.21
3216,5,5,22,1,9.0,7.7,1,260.96
1465,4,5,1,1,6.7,5.4,2,45.95
2668,5,5,20,1,9.8,9.7,1,262.79
3664,5,5,26,1,4.3,6.0,1,139.07
1219,3,3,8,1,7.5,8.9,1,99.45
2574,5,5,4,1,9.9,7.2,1,244.4
1278,3,4,16,1,7.5,4.1,1,77.26
1784,4,5,16,1,6.9,8.7,1,126.23
2842,5,6,20,1,4.3,8.7,3,35.04
1595,3,4,22,1,10.0,9.1,1,156.46
1053,2,3,19,1,9.4,5.9,1,85.21
1985,5,6,16,1,8.3,6.3,3,38.99
2134,5,6,14,1,8.8,4.7,1,156.18
1573,3,4,13,1,6.0,6.7,2,42.95
3118,5,5,26,1,6.2,4.9,2,71.03
2622,5,6,21,1,4.6,8.4,2,55.47
1588,3,4,19,1,9.2,9.6,2,74.21
2139,5,5,11,1,7.5,5.3,1,141.91
1207,4,4,19,1,4.7,5.7,2,26.6
2268,5,6,11,1,5.6,5.1,3,30.47
1039,2,2,23,1,7.4,6.4,1,67.86
1480,4,4,28,1,6.5,6.0,2,40.49
884,3,4,15,1,8.5,4.3,1,62.89
1602,5,6,16,1,8.5,4.7,1,114.23
797,1,2,30,0,5.3,9.9,1,42.09
1749,5,5,4,1,5.7,4.7,2,43.95
2170,5,5,12,1,5.4,7.4,3,32.39
873,3,4,18,0,6.6,6.8,1,54.97
1391,4,5,2,1,4.7,4.1,2,29.01
1809,5,6,23,1,5.5,7.5,1,97.73
2077,5,6,11,1,8.7,4.5,2,75.21
1049,2,2,19,1,8.9,5.4,3,20.01
2063,5,6,21,1,4.5,9.7,3,30.47
1388,4,4,14,1,7.9,9.9,3,32.23
1970,5,5,9,1,7.8,8.8,2,80.02
870,2,3,14,1,4.3,9.0,1,44.45
2615,5,6,19,1,9.4,6.7,3,53.65
2619,5,5,16,1,9.7,6.7,1,226.7
1622,4,5,11,1,5.5,6.6,1,89.44
1986,5,5,10,1,6.5,6.0,2,57.84
2776,5,6,2,1,6.3,5.5,3,41.35
2138,5,5,19,1,9.5,5.9,1,173.35
2550,5,5,20,1,5.9,6.3,1,136.09
1120,2,3,30,1,6.2,6.2,3,16.7
871,2,2,21,0,5.4,4.8,1,39.37
1121,2,3,1,1,7.6,4.9,1,77.06
2018,5,5,17,1,8.3,9.8,3,45.53
2199,5,6,24,1,9.4,5.2,2,82.7
1083,2,2,27,1,7.0,6.5,2,32.11
3186,5,6,2,1,6.9,6.2,3,51.66
2694,5,5,26,1,6.7,7.1,2,76.6
1533,4,4,12,1,9.6,6.5,2,68.89
934,3,3,4,0,5.3,5.9,2,23.04
2277,5,5,28,1,8.2,4.8,2,70.6
3223,5,5,24,1,5.3,4.9,2,62.81
2092,5,5,3,1,4.7,5.4,2,44.11
1789,4,4,9,1,7.6,4.1,2,54.97
1134,2,3,2,1,6.1,7.4,3,19.76
1880,5,6,1,1,7.0,9.9,3,41.55
2539,5,5,23,1,5.5,4.1,2,51.51
1406,3,4,17,1,8.6,8.4,1,119.15
1676,5,5,25,1,5.1,8.7,3,26.34
1331,3,3,28,1,8.7,6.7,3,25.78
1853,5,5,24,1,7.1,9.9,2,68.02
2836,5,6,3,1,6.1,8.7,2,88.67
2969,5,6,5,1,9.3,8.5,2,139.88
1281,3,4,2,1,6.2,8.8,2,43.51
880,3,4,14,1,7.3,5.9,1,60.43
2340,5,6,8,1,6.7,6.7,3,39.61
1466,3,3,4,1,4.5,7.8,1,73.76
840,3,4,12,1,8.7,4.2,3,18.0
3281,5,6,24,1,7.6,8.1,1,229.13
2120,5,5,0,1,7.2,6.4,1,151.41
982,3,4,6,1,7.1,9.5,2,40.39
861,2,3,2,1,5.2,4.8,2,21.02
1870,5,6,27,1,8.0,8.3,2,70.46
2557,5,5,6,1,9.6,7.8,3,59.75
1879,5,6,25,1,8.7,4.2,1,126.18
1361,4,5,24,1,7.7,4.5,1,84.1
2101,5,6,21,1,4.4,9.8,3,30.27
2094,5,5,13,1,9.3,8.7,1,196.62
1351,3,4,29,1,9.0,7.1,1,106.15
1313,3,4,6,1,9.7,7.1,2,62.88
2028,5,5,18,1,5.6,7.8,3,31.65
3006,5,5,26,1,5.0,7.7,1,143.5
1934,4,5,19,1,4.3,7.8,1,86.81
2100,5,6,7,1,9.3,7.3,2,96.09
2228,5,6,13,1,6.4,6.7,3,36.1
2818,5,6,12,1,6.0,4.9,1,145.37
1235,3,4,14,1,7.1,4.6,2,36.8
2829,5,5,30,1,4.3,9.7,1,128.25
2323,5,5,15,1,8.9,9.6,1,217.07
658,2,3,30,0,7.0,5.9,2,19.2
2910,5,6,17,1,4.3,7.0,1,122.48
2342,5,6,1,1,6.6,9.3,1,175.53
1322,4,5,24,1,7.4,6.2,3,24.71
3498,5,6,25,1,8.1,4.7,3,53.25
1157,3,3,1,1,9.6,8.5,3,30.47
1660,4,5,29,1,6.0,6.8,3,25.33
2740,5,6,22,1,6.4,7.7,1,166.03
2186,5,6,25,1,8.9,6.2,2,82.79
1279,3,3,18,1,7.8,7.6,3,25.39
2734,5,5,1,1,7.8,7.7,3,53.83
1369,3,4,22,1,4.7,4.1,3,15.68
2867,5,5,16,1,8.6,9.5,3,61.36
1493,3,4,29,1,10.0,6.9,2,64.16
2322,5,6,6,1,6.1,8.6,3,40.85
3477,5,6,22,1,7.3,5.3,2,97.77
1895,5,6,3,1,6.9,6.9,3,35.63
2646,5,6,1,1,6.3,9.9,3,49.22
2137,5,5,6,1,4.5,9.5,3,31.88
1028,2,2,1,1,9.6,8.2,2,52.1
937,3,4,3,1,5.4,5.4,3,15.67
3154,5,6,15,1,4.0,7.3,1,128.99
3036,5,5,17,1,5.9,7.9,2,81.44
2910,5,5,26,1,9.5,5.1,1,213.22
2865,5,5,0,1,5.1,8.5,2,73.05
1314,4,4,27,1,4.6,9.9,3,21.13
1084,3,4,22,1,5.2,4.7,2,23.97
2188,5,5,19,1,6.0,5.8,3,31.49
899,2,2,4,0,9.0,7.1,2,38.77
2424,5,6,18,1,5.6,5.4,1,120.13
1225,3,4,9,1,5.6,6.2,1,67.35
2271,5,5,20,1,7.0,9.4,3,43.04
3344,5,5,14,1,6.2,5.3,2,83.09
3062,5,5,21,1,6.2,8.2,3,46.33
1463,3,3,26,1,7.2,7.2,1,95.1
1088,3,3,21,1,5.2,7.2,3,16.69
1635,4,5,4,1,6.9,9.4,3,34.29
2183,5,5,12,1,7.4,7.4,2,76.29
761,2,2,17,1,8.5,7.5,1,63.12
1319,3,3,24,1,9.9,6.8,1,113.74
3731,5,6,27,1,7.9,6.5,3,59.96
2153,5,6,3,1,6.3,8.1,2,69.39
3536,5,5,9,1,6.4,4.8,3,46.89
2665,5,6,11,1,7.3,7.2,3,46.91
970,3,3,7,0,9.6,8.4,1,94.6
2865,5,5,12,1,6.7,8.0,1,191.57
803,3,3,26,1,5.3,9.2,3,15.56
2183,5,5,9,1,5.9,7.6,3,35.39
1296,3,4,17,1,7.1,6.5,3,23.24
2530,5,6,13,1,9.6,8.0,2,116.48
1233,3,4,27,1,5.1,7.2,2,29.27
3430,5,6,7,1,9.5,7.4,2,152.93
2758,5,5,1,1,7.9,9.5,2,116.65
857,2,3,6,1,7.6,4.2,3,15.71
1181,2,2,23,1,5.8,9.5,2,34.18
2271,5,5,17,1,9.5,8.2,2,103.31
1458,4,5,16,1,6.3,7.2,2,44.83
1687,5,5,11,1,4.6,9.9,2,43.57
1048,3,4,9,1,7.4,5.3,1,70.56
1242,4,5,24,1,5.4,7.4,2,33.41
1096,3,3,4,1,7.9,6.9,3,23.46
3687,5,5,26,1,5.1,9.3,2,84.49
1029,2,2,22,1,4.3,4.0,3,10.87
2037,5,6,0,1,7.0,6.2,1,139.23
2326,5,5,16,1,6.5,4.1,3,32.11
1118,2,2,7,1,6.6,9.6,3,21.61
2562,5,6,30,1,5.5,6.1,3,32.37
1343,3,3,2,1,5.5,8.2,3,22.35
564,1,1,15,1,7.3,4.3,2,17.29
924,2,2,6,1,7.4,9.1,2,37.36
862,3,3,5,1,6.9,4.3,3,15.79
1044,3,3,9,1,4.1,5.2,2,19.84
2195,5,6,24,1,7.4,9.1,1,162.52
3491,5,5,13,1,8.3,7.0,3,63.34
3325,5,6,0,1,6.0,8.6,1,219.67
3229,5,5,21,1,6.9,6.1,2,90.65
2573,5,5,8,1,4.5,7.7,2,54.19
1519,4,4,2,1,8.7,4.9,3,30.28
942,2,2,13,0,6.7,8.6,2,30.38
1880,5,6,0,1,4.6,4.5,2,38.2
1892,4,4,21,1,8.7,8.3,2,77.77
1048,2,3,8,1,5.6,5.6,1,55.93
3250,5,5,14,1,8.7,6.2,2,119.88
2736,5,6,14,1,4.0,6.4,2,46.57
1383,3,4,10,1,9.8,4.8,3,28.96
2246,5,5,10,1,9.8,5.7,2,96.42
1158,2,2,30,1,6.2,9.6,2,34.73
2695,5,6,21,1,5.3,8.8,3,38.77
1066,3,4,2,1,5.8,5.5,3,17.78
1769,5,5,25,1,6.9,6.4,3,30.22
2090,5,5,24,1,9.4,7.2,3,44.29
757,2,3,30,1,6.1,7.9,3,14.03
1779,4,5,11,1,4.1,5.6,1,71.69
1430,3,4,3,1,7.5,7.0,3,28.01
1038,3,4,14,1,4.7,9.6,1,58.75
1620,5,6,2,1,6.9,6.9,3,31.84
2116,5,5,16,1,4.7,9.1,3,30.52
1671,5,5,5,1,6.0,6.6,1,102.2
2914,5,6,12,1,6.4,8.4,2,88.94
2611,5,5,25,1,5.2,8.5,1,135.98
972,3,4,19,0,6.2,5.2,1,52.31
2036,5,5,21,1,6.1,9.1,1,128.15
1486,3,4,13,1,5.4,4.7,1,71.01
2083,5,5,15,1,6.3,5.1,3,30.44
792,2,2,15,0,5.9,6.7,1,44.44
2217,5,6,15,1,7.0,7.0,3,38.45
1328,4,4,17,1,4.2,8.6,3,19.58
1744,4,4,8,1,7.4,8.6,2,66.87
2444,5,5,13,1,7.3,8.5,2,86.9
3916,5,6,11,1,8.5,5.8,3,69.03
2496,5,5,25,1,6.6,10.0,1,170.97
2076,5,5,25,1,6.1,8.3,3,33.52
1828,4,5,22,1,8.8,7.4,1,146.13
3617,5,5,30,1,5.6,9.1,3,48.79
2842,5,5,7,1,9.5,10.0,2,143.94
2193,5,5,18,1,9.0,8.6,2,96.73
2078,5,6,16,1,6.5,6.7,3,34.5
3291,5,5,27,1,9.6,6.2,3,61.93
2081,5,5,25,1,4.6,9.8,3,29.95
1743,5,6,10,1,9.8,8.9,1,178.29
1428,3,3,3,1,7.4,6.9,1,105.54
1074,3,3,30,1,4.1,9.6,2,23.3
1347,4,4,20,1,9.5,9.3,3,34.51
1090,3,4,23,1,6.2,9.4,1,72.74
923,2,3,2,0,6.6,4.5,1,53.46
1427,3,4,22,1,6.7,4.0,3,20.27
2601,5,6,11,1,5.4,4.5,1,122.81
2875,5,5,16,1,6.3,8.9,1,186.44
2327,5,6,19,1,7.9,6.6,3,42.57
2420,5,6,30,1,4.5,4.6,1,89.23
1247,4,4,27,1,5.5,7.9,1,69.14
1137,3,4,20,1,5.2,7.6,2,29.08
1754,4,4,11,1,7.0,4.7,1,106.28
1583,3,4,30,1,6.3,9.0,1,98.49
1272,3,3,30,1,4.1,4.4,1,44.38
2467,5,6,2,1,5.7,8.3,3,40.42
1362,3,3,17,1,7.7,5.7,3,23.94
2206,5,6,22,1,7.8,9.0,3,44.64
1612,5,5,9,1,4.3,4.5,1,66.05
2284,5,5,15,1,8.4,4.7,3,40.18
1267,4,4,23,1,7.1,8.9,3,26.34
2995,5,6,8,1,8.4,4.7,2,103.05
871,3,4,1,0,8.3,7.5,2,37.6
2967,5,5,23,1,4.9,8.6,2,65.57
763,2,3,29,0,9.2,4.1,1,51.85
2383,5,5,10,1,7.3,9.5,1,187.25
1921,4,4,5,1,5.9,9.0,3,32.93
845,3,4,24,1,9.9,9.7,3,24.83
1477,4,5,23,1,4.5,6.7,2,30.98
3850,5,5,4,1,6.2,9.8,2,121.45
2084,5,6,0,1,4.1,7.2,2,42.95
947,2,3,15,1,9.1,8.4,2,44.26
3109,5,6,14,1,8.3,4.6,1,211.03
2087,5,5,18,1,7.5,7.0,1,145.49
1327,4,5,22,1,8.0,4.8,2,44.65
863,2,2,24,1,5.9,5.6,2,21.78
1554,4,4,14,1,5.0,6.8,1,77.73
2607,5,5,6,1,9.1,4.5,2,98.58
3435,5,5,21,1,4.9,8.3,2,73.67
1650,4,4,14,1,4.2,6.4,1,69.42
2514,5,5,6,1,4.7,4.4,1,107.18
891,3,3,0,1,8.1,9.6,2,42.83
3021,5,5,1,1,6.7,4.8,3,44.7
2659,5,6,0,1,5.0,7.4,1,142.76
1134,3,4,28,1,5.0,5.3,2,24.08
1334,4,5,1,1,7.7,5.5,3,26.55
2921,5,5,12,1,4.8,5.2,2,56.44
1428,4,5,8,1,6.9,8.7,2,52.76
2618,5,5,25,1,7.6,4.2,2,73.9
1219,3,3,7,1,6.1,7.5,3,21.44
2371,5,6,11,1,7.2,8.7,2,86.96
2602,5,5,22,1,5.1,7.6,1,129.33
1136,3,4,5,1,7.4,7.4,3,23.86
639,2,2,10,1,4.3,7.6,1,31.66
2588,5,5,0,1,6.0,5.1,1,143.42
2756,5,5,11,1,9.5,8.6,3,63.96
1347,3,3,23,1,6.4,4.6,3,19.32
1108,3,3,21,1,9.8,7.9,3,27.15
1333,3,3,30,1,6.3,8.4,1,80.87
3407,5,5,19,1,6.3,10.0,3,55.4
3201,5,6,23,1,5.3,7.4,3,40.48
2924,5,6,14,1,9.9,5.0,2,116.76
1262,3,3,1,1,5.5,4.4,1,63.95
1569,4,5,17,1,6.5,5.0,3,24.39
2438,5,5,14,1,8.7,7.5,2,98.37
3301,5,6,5,1,5.8,5.9,1,181.78
2986,5,6,19,1,8.4,7.3,1,230.7
2131,5,5,1,1,8.2,6.6,2,83.44
1879,5,6,9,1,9.8,6.5,1,170.16
1734,4,5,0,1,6.4,7.3,1,116.87
1711,4,4,6,1,8.9,7.8,2,76.0
976,3,4,15,1,9.9,6.8,2,46.48
2925,5,5,14,1,7.3,5.1,3,44.13
1284,3,3,24,1,6.8,5.4,2,36.27
1850,4,4,26,1,4.5,6.1,1,75.87
2841,5,5,15,1,6.5,7.2,3,43.92
1759,4,4,30,1,9.4,8.3,2,75.79
1181,2,2,1,1,9.7,5.0,1,100.9
2061,5,6,29,1,6.6,10.0,3,38.42
1875,5,6,29,1,4.5,7.3,1,83.18
1581,4,4,4,1,7.7,7.1,3,32.06
3130,5,6,27,1,8.6,9.6,3,63.97
2134,5,5,5,1,9.3,5.6,2,88.74
1544,4,5,22,1,7.7,8.1,1,114.63
1484,4,5,9,1,6.9,5.6,3,25.98
3473,5,5,9,1,9.1,8.1,2,153.18
2346,5,5,14,1,8.6,5.9,2,86.82
2842,5,5,2,1,8.4,8.6,2,122.23
1810,4,4,6,1,6.4,8.7,3,33.31
1659,5,5,8,1,9.0,5.5,1,133.66
997,2,2,11,0,7.0,7.8,2,32.48
1086,3,3,9,1,7.5,6.1,2,38.03
3405,5,5,21,1,5.0,7.4,1,161.05
2511,5,6,29,1,6.5,4.1,3,32.17
1254,4,5,13,1,7.6,4.1,1,80.48
1347,4,4,0,1,6.8,5.3,2,43.07
1897,5,6,21,1,9.8,9.0,3,47.23
1391,4,5,20,1,6.0,5.7,1,76.16
2462,5,6,21,1,5.8,4.9,3,31.71
3840,5,6,12,1,8.3,7.9,1,306.62
2638,5,5,21,1,7.5,10.0,1,205.2
1771,4,4,9,1,9.4,8.0,2,82.32
1891,4,5,20,1,8.4,8.4,1,152.78
1583,4,5,8,1,5.3,9.2,2,45.78
2839,5,6,28,1,9.1,6.8,2,107.14
1340,3,3,4,1,9.2,6.3,1,117.41
3029,5,5,10,1,6.5,7.4,2,91.06
2071,5,6,20,1,8.7,6.9,1,161.14
1096,2,3,25,1,5.6,8.6,2,29.92
1601,5,6,12,1,4.8,6.6,1,78.63
601,2,2,0,1,5.2,6.2,3,10.84
2886,5,5,3,1,8.4,5.4,3,52.55
762,2,3,23,1,5.8,4.4,3,11.6
3786,5,6,11,1,6.0,9.3,3,59.32
1547,3,3,23,1,9.7,9.5,1,149.37
1097,3,3,12,1,8.4,7.5,1,91.48
1976,4,4,20,1,8.6,7.7,2,78.75
1500,4,5,22,1,8.1,6.5,1,107.63
1583,3,4,19,1,8.1,4.1,3,25.88
1781,4,5,3,1,6.5,9.4,1,133.07
1274,3,4,22,1,5.2,5.2,2,27.99
1173,3,4,7,1,4.2,7.0,1,53.78
1928,5,5,30,1,4.5,4.7,3,21.28
3020,5,6,9,1,4.5,8.3,3,38.11
737,2,3,25,1,4.6,5.0,1,31.25
763,1,1,10,0,4.6,8.5,1,36.94
1485,4,4,3,1,5.6,8.4,3,26.04
2773,5,5,3,1,5.6,6.3,2,69.28
1077,3,4,25,1,4.4,9.7,3,17.38
1457,3,3,15,1,5.1,6.3,2,33.21
827,3,3,22,1,9.3,6.6,1,69.66
3527,5,5,13,1,7.5,7.4,3,60.34
2098,5,5,0,1,6.9,8.0,1,156.03
1745,4,4,24,1,7.0,6.8,1,109.76
1770,5,6,26,1,6.0,5.7,1,92.37
903,3,4,10,0,6.7,7.4,2,30.04
721,1,1,25,1,4.1,6.4,3,8.43
1899,5,6,11,1,7.8,9.3,3,42.64
2468,5,6,22,1,9.1,6.0,1,188.57
1423,4,5,22,1,8.6,5.3,1,101.3
2388,5,5,8,1,7.0,8.9,1,178.99
1187,2,3,3,1,4.7,9.1,1,66.23
1964,5,6,21,1,9.6,9.0,1,186.13
1824,4,5,26,1,4.8,7.0,3,23.77
2237,5,5,3,1,8.7,9.5,3,53.7
2906,5,5,8,1,7.6,5.9,3,48.95
1019,3,4,26,1,9.8,6.7,2,45.5
2075,5,5,19,1,8.3,9.6,2,88.57
3566,5,6,22,1,6.1,8.0,3,50.76
3239,5,6,28,1,7.4,7.5,2,102.32
1046,2,2,8,1,7.1,4.2,1,63.25
1049,2,3,6,1,9.9,8.1,1,106.28
2032,5,6,7,1,6.2,6.7,1,125.38
3139,5,6,30,1,5.7,8.0,3,42.68
593,2,2,19,1,5.9,7.3,3,11.59
2274,5,5,24,1,9.0,9.5,2,101.19
2211,5,5,23,1,5.8,5.1,1,108.15
1276,3,4,0,1,4.2,5.7,2,25.55
3151,5,6,15,1,9.6,4.2,3,57.06
1377,3,3,16,1,6.1,8.7,3,23.62
1547,4,4,28,1,5.0,7.3,3,21.5
3292,5,5,3,1,6.0,5.8,2,85.42
3094,5,5,21,1,5.4,7.9,2,74.16
1511,4,4,29,1,9.5,9.7,2,71.42
1725,5,5,10,1,7.1,7.1,2,59.8
1841,4,4,6,1,5.0,9.7,1,108.76
947,3,3,23,1,9.2,6.5,1,76.53
795,2,2,18,1,6.0,4.5,3,12.05
1549,4,4,12,1,6.4,6.7,2,46.77
826,2,2,11,1,4.0,8.3,3,12.08
2008,5,6,12,1,5.7,8.1,1,120.42
1195,3,4,30,1,4.2,4.9,3,13.94
2562,5,5,17,1,8.1,9.5,2,105.09
1983,4,5,6,1,4.7,4.0,1,83.34
2110,5,5,5,1,6.1,6.5,3,33.55
2578,5,6,20,1,5.2,5.1,2,53.2
1154,3,4,11,1,8.0,5.5,2,41.47
848,2,3,15,1,5.4,5.7,3,13.05
1062,3,4,30,1,8.0,8.2,3,22.7
2296,5,6,26,1,5.9,8.7,1,134.23
1673,5,6,15,1,8.4,9.3,3,40.18
1307,3,3,8,1,7.9,4.5,1,88.55
631,1,2,24,1,4.5,4.5,3,7.89
3886,5,5,11,1,7.3,7.3,1,268.86
1677,4,5,11,1,8.4,5.7,3,32.84
3572,5,5,14,1,5.4,9.8,3,51.38
3429,5,6,1,1,9.7,8.0,3,79.55
1221,3,4,12,1,5.4,5.6,2,29.97
2117,5,6,26,1,9.3,4.2,2,74.69
2131,5,5,16,1,7.3,5.0,3,34.14
2845,5,6,28,1,7.1,6.1,1,168.56
1214,4,4,4,1,9.3,6.6,3,29.34
2151,5,6,23,1,7.6,8.9,2,79.12
1081,3,3,7,1,6.9,5.3,3,18.94
1783,4,4,5,1,7.6,4.8,3,30.49
3443,5,6,30,1,7.1,6.4,1,200.77
1714,4,5,19,1,7.6,6.8,2,58.67
2147,5,5,23,1,8.9,5.1,3,39.35
1496,3,3,0,1,7.6,4.4,2,48.32
2005,5,6,28,1,8.1,9.0,3,41.82
2420,5,6,21,1,9.3,7.2,1,200.46
3207,5,6,11,1,7.2,4.0,3,45.94
2588,5,6,18,1,7.2,5.4,3,40.65
1258,3,3,9,1,7.5,6.6,3,24.08
2287,5,5,16,1,6.5,5.1,3,33.02
1558,3,3,13,1,5.2,8.8,3,23.67
1905,5,6,24,1,5.6,7.2,2,48.75
1480,4,5,9,1,8.7,6.9,3,32.98
2828,5,5,14,1,6.4,4.8,3,38.63
2531,5,5,12,1,4.6,7.1,1,119.2
1692,5,5,2,1,8.8,8.9,1,162.24
1508,4,5,22,1,4.5,4.2,2,27.76
2095,5,5,6,1,9.7,8.9,1,215.06
1990,4,4,21,1,5.7,4.2,3,24.12
900,3,4,11,1,7.9,9.9,1,81.0
844,2,3,23,1,7.1,8.4,1,60.65
1207,3,4,29,1,6.1,8.9,2,36.41
953,2,3,10,1,5.6,6.4,1,53.43
1929,5,6,18,1,9.3,8.9,2,90.69
1664,5,5,15,1,8.5,9.8,1,150.92
1196,2,3,13,1,6.3,8.7,1,80.34
1275,4,4,12,1,7.2,8.2,3,26.87
1702,5,5,28,1,4.5,9.6,2,39.74
3047,5,5,7,1,9.7,8.1,1,294.62
1249,4,4,24,1,5.2,5.2,2,28.06
2027,5,6,11,1,8.1,8.0,1,165.57
1929,5,6,5,1,9.4,9.3,2,100.19
1934,4,5,15,1,5.7,5.3,3,26.67
2221,5,6,3,1,7.0,6.4,1,152.48
2187,5,5,10,1,5.9,4.1,2,51.5
1286,4,5,5,1,5.1,5.6,2,31.81
1470,4,5,14,1,6.5,8.5,1,100.34
2631,5,5,17,1,9.9,8.1,1,246.14
2376,5,5,5,1,5.2,8.8,2,63.28
1793,5,6,9,1,10.0,9.1,1,187.97
1085,2,3,15,1,4.3,4.6,3,12.52
1461,4,5,0,1,6.7,6.0,1,97.15
1156,2,3,11,1,9.2,9.8,2,57.13
2945,5,6,14,1,6.9,8.4,3,51.28
3151,5,6,27,1,9.2,7.8,1,258.53
1375,4,5,19,1,5.0,5.4,1,64.1
3214,5,6,5,1,9.3,8.7,2,150.99
1253,3,3,5,1,4.8,5.4,1,58.91
1866,4,5,16,1,4.4,9.3,1,93.43
892,3,4,7,0,4.6,7.7,1,45.43
1100,2,3,27,1,4.8,7.2,3,14.9
3189,5,5,30,1,6.8,9.2,2,98.19
2409,5,6,29,1,7.5,6.7,1,154.44
1358,4,5,4,1,5.4,4.5,3,19.94
1026,3,4,17,1,7.1,8.5,1,75.3
562,2,3,19,0,9.7,6.9,2,25.25
1617,4,4,22,1,5.1,9.3,2,42.01
877,2,3,9,1,9.0,5.3,2,35.71
1124,3,3,20,1,6.5,9.1,2,37.89
1135,2,2,1,1,5.6,7.7,2,32.36
1285,4,4,7,1,5.1,4.6,1,60.99
1365,4,5,14,1,7.0,6.1,1,89.7
3301,5,6,24,1,6.0,9.1,1,196.8
2736,5,5,3,1,6.8,5.2,3,42.4
1630,4,4,14,1,5.5,8.6,3,26.77
1694,5,6,5,1,7.1,9.9,1,140.22
993,3,4,6,0,8.5,7.3,1,83.03
2076,5,5,5,1,5.3,4.7,3,27.56
560,1,2,22,1,4.7,8.7,3,9.44
1754,5,5,1,1,8.6,5.5,2,69.93
1001,2,3,17,1,8.2,8.7,1,83.76
1145,3,4,23,1,8.8,6.6,2,45.26
1333,4,4,18,1,6.9,6.6,1,85.88
2845,5,5,16,1,5.9,6.8,2,72.39
1654,5,5,28,1,8.9,7.2,2,65.7
2323,5,5,16,1,8.7,5.4,2,84.75
1560,4,4,3,1,4.9,5.7,3,21.57
1117,2,2,3,1,4.3,9.6,1,58.72
1517,4,5,1,1,4.2,7.9,1,74.62
3107,5,5,14,1,8.3,4.1,3,49.43
2949,5,5,26,1,6.2,8.5,1,175.55
1351,3,3,3,1,4.2,4.4,3,15.45
2140,5,6,23,1,6.3,5.2,3,30.57
2268,5,5,5,1,7.5,8.0,3,45.07
1074,3,4,28,1,6.4,6.0,3,17.82
2077,5,5,18,1,9.1,6.5,2,83.97
1257,4,5,30,1,8.6,9.6,2,55.37
616,1,2,0,1,4.2,5.7,3,8.54
2482,5,5,3,1,5.3,5.9,1,127.23
2945,5,5,8,1,4.9,5.6,2,60.48
1191,2,3,25,1,7.4,7.4,1,80.63
1933,4,5,1,1,9.0,8.1,2,90.55
3112,5,6,28,1,6.3,8.7,3,47.74
2478,5,6,1,1,9.6,4.7,2,102.28
1395,3,3,1,1,5.9,7.4,1,87.78
1930,4,4,13,1,9.8,8.5,2,93.56
1701,4,5,8,1,4.9,6.0,2,38.01
2451,5,5,15,1,6.6,8.2,3,41.7
2367,5,5,2,1,5.2,7.7,3,34.89
907,3,4,11,0,5.9,9.5,2,29.14
1098,3,4,19,1,7.9,8.6,3,24.34
2219,5,5,3,1,9.5,5.4,1,189.62
2849,5,5,10,1,9.7,9.6,1,291.09
1404,3,3,17,1,5.8,6.8,1,77.95
3721,5,6,18,1,7.3,7.7,2,121.73
1313,4,4,14,1,4.3,5.0,3,16.7
2156,5,5,0,1,4.4,8.0,1,108.23
1774,4,5,15,1,6.3,9.9,3,33.65
3421,5,5,7,1,4.5,5.2,3,35.98
1072,3,4,11,1,6.0,6.4,2,31.43
1298,3,4,28,1,10.0,9.9,1,127.87
1206,4,5,21,1,9.7,9.7,1,120.62
2023,5,6,7,1,6.3,9.8,3,39.5
1399,3,3,20,1,9.8,9.5,2,69.13
1030,2,3,29,1,8.1,5.2,3,18.16
1074,2,2,5,1,7.9,7.4,1,85.0
2900,5,6,9,1,8.4,8.6,1,248.6
2507,5,5,5,1,9.6,5.6,3,51.98
2023,5,5,21,1,7.7,7.6,3,38.14
1760,5,6,5,1,8.1,6.9,1,142.25
1207,4,4,29,1,6.8,5.0,2,33.98
1164,2,2,5,1,5.3,8.0,2,31.13
1391,4,4,13,1,9.2,6.9,2,60.9
2320,5,5,16,1,7.6,8.9,1,178.21
3795,5,5,17,1,9.0,4.3,2,128.07
1623,5,6,14,1,9.8,5.1,3,35.58
1793,4,5,26,1,7.7,4.3,2,52.71
2506,5,6,13,1,8.3,4.7,1,171.44
2298,5,6,2,1,5.1,7.5,1,125.98
1087,2,2,3,1,7.9,8.3,3,23.44
1508,3,4,17,1,6.2,7.1,3,24.17
2147,5,5,27,1,9.5,7.4,1,177.96
2350,5,6,20,1,4.3,5.8,3,26.33
2462,5,6,15,1,9.8,4.0,1,188.3
1740,4,5,14,1,8.8,7.6,3,38.02
2910,5,5,1,1,7.6,4.0,1,185.09
2786,5,6,29,1,7.9,4.2,1,161.11
2181,5,6,23,1,6.5,5.1,1,118.41
1477,4,4,24,1,4.6,5.8,1,62.9
992,3,4,16,1,4.4,6.8,3,14.86
961,2,3,23,1,8.2,7.7,1,74.82
1375,4,4,19,1,5.7,7.7,3,22.99
2608,5,6,6,1,8.4,7.0,3,51.98
2373,5,6,13,1,6.8,8.8,1,167.05
580,1,2,8,1,7.4,7.8,2,22.6
972,3,4,12,1,7.3,8.6,3,22.07
1147,3,4,29,1,9.8,9.0,3,28.83
2061,5,6,25,1,7.9,6.9,1,145.62
1905,5,5,6,1,4.3,7.1,3,25.56
1447,3,4,26,1,8.8,9.3,2,61.96
1920,5,5,19,1,7.8,9.1,2,75.2
701,2,2,15,1,8.2,5.9,2,26.72
968,2,2,29,0,5.3,5.8,2,19.55
1420,4,5,24,1,9.4,4.9,2,54.39
2194,5,5,23,1,8.9,9.6,1,193.45
508,1,1,10,0,8.3,7.1,2,19.04
654,2,2,10,1,8.6,8.5,3,16.76
1626,4,5,4,1,5.7,5.9,2,43.12
1786,4,5,17,1,4.1,7.7,1,77.69
1927,4,4,9,1,9.7,8.8,1,192.29
688,1,1,12,0,7.2,4.3,2,18.61
2067,5,6,9,1,8.2,9.3,1,181.78
1831,5,5,2,1,8.3,8.0,1,160.77
2216,5,6,7,1,6.8,6.7,3,38.84
3062,5,5,22,1,9.2,7.7,1,256.78
1652,4,4,15,1,8.7,9.3,2,73.94
2470,5,5,12,1,6.8,5.0,2,69.59
2553,5,6,18,1,6.0,7.9,1,151.0
1715,4,5,6,1,5.5,5.0,3,24.27
1911,5,5,5,1,6.6,9.9,3,39.17
2717,5,6,10,1,8.4,8.3,1,229.72
847,2,3,10,0,5.1,9.7,2,22.77
1944,4,4,21,1,5.3,4.8,1,86.57
1639,4,5,9,1,5.7,7.7,3,27.3
1612,5,5,18,1,5.8,9.7,3,29.8
1332,4,4,0,1,6.4,4.8,3,22.38
699,2,3,20,0,4.7,5.7,2,14.12
1106,2,2,17,1,6.6,5.3,2,30.43
3839,5,5,0,1,9.0,4.9,2,144.69
2143,5,5,4,1,4.9,9.3,1,123.58
2247,5,5,14,1,9.2,9.4,2,106.62
1206,4,4,18,1,8.9,6.3,3,26.57
1563,4,4,1,1,5.4,7.0,3,24.83
3378,5,5,23,1,6.2,7.5,3,47.96
2946,5,5,15,1,6.8,4.5,2,77.66
2078,5,5,28,1,9.8,4.5,3,38.84
1686,5,6,11,1,6.8,7.1,1,115.5
3118,5,6,1,1,5.7,4.2,2,71.48
3688,5,6,15,1,5.0,4.3,3,37.84
1254,4,5,27,1,4.5,8.7,3,19.72
1971,4,5,11,1,4.7,5.0,3,23.55
1121,2,3,2,1,8.7,5.4,2,44.78
1745,5,6,7,1,9.6,4.9,3,38.01
2363,5,5,20,1,7.8,5.3,3,38.87
1702,5,5,12,1,4.3,6.8,1,77.32
2856,5,6,29,1,6.8,4.9,2,72.76
2212,5,5,29,1,8.1,9.8,2,87.42
3091,5,6,8,1,9.7,6.6,2,135.66
1669,4,4,16,1,5.5,7.5,1,92.1
574,1,1,0,1,10.0,5.9,3,14.13
1194,3,4,6,1,4.6,6.7,3,17.23
2139,5,5,22,1,4.6,9.6,3,30.81
2138,5,5,22,1,9.1,4.8,1,152.96
2091,5,6,22,1,6.8,9.6,2,72.87
1300,3,4,12,1,5.5,8.7,2,37.3
1115,2,3,29,1,5.5,8.9,1,61.5
1043,3,3,19,1,5.1,7.0,2,25.92
858,3,4,0,1,8.3,4.6,2,33.48
1521,3,4,28,1,4.0,4.2,3,14.99
1734,5,6,27,1,7.1,9.6,1,126.96
3320,5,5,18,1,7.2,4.0,1,184.89
798,1,2,17,1,6.0,5.8,2,20.85
1164,2,3,21,1,8.6,5.7,2,41.9
2228,5,5,28,1,6.3,4.6,3,29.68
670,1,2,12,1,5.1,4.2,3,8.89
3405,5,5,1,1,7.9,7.0,3,62.83
983,3,3,23,1,8.7,4.3,2,34.89
634,1,1,22,1,8.4,6.9,1,47.71
2557,5,5,26,1,4.3,5.8,3,26.96
2031,5,5,13,1,4.7,7.6,1,100.02
3506,5,6,26,1,8.1,5.9,3,56.67
1411,3,4,4,1,8.6,7.6,1,123.78
1621,4,4,3,1,8.2,7.3,1,134.99
612,2,2,0,1,7.7,8.7,3,15.5
1312,4,4,6,1,8.2,7.6,1,109.43
3210,5,5,22,1,7.1,6.5,2,94.22
1436,3,3,6,1,7.8,8.7,1,118.28
2823,5,6,24,1,9.9,7.7,3,61.41
2568,5,6,5,1,5.7,5.2,1,134.18
1176,3,4,19,1,4.3,6.2,1,50.65
3129,5,5,25,1,4.3,8.4,2,57.95
2324,5,6,6,1,4.7,9.4,3,35.11
1210,3,4,27,1,5.4,4.7,2,26.41
795,2,2,6,1,4.4,7.5,1,39.55
1147,3,4,6,1,6.2,6.7,2,35.27
1026,3,4,13,1,8.2,4.4,1,70.55
1071,2,2,2,1,5.3,5.8,2,26.08
1970,5,6,0,1,6.9,10.0,3,42.96
1611,4,4,29,1,9.2,5.5,3,30.89
3703,5,6,16,1,6.5,4.3,1,192.42
1233,3,4,30,1,8.9,6.7,3,25.13
911,3,4,5,1,5.8,7.9,2,29.8
1675,4,5,5,1,7.5,9.9,3,38.0
462,1,2,28,1,7.8,8.2,2,18.57
3262,5,5,19,1,6.6,5.6,2,86.36
3047,5,5,3,1,9.6,7.1,3,67.3
1110,2,2,4,1,7.7,6.2,2,40.17
2372,5,5,10,1,7.2,7.9,1,171.43
796,2,3,14,0,7.0,6.5,2,25.08
2673,5,6,19,1,6.8,7.2,1,168.95
3228,5,5,28,1,9.7,8.9,3,69.91
1321,3,3,5,1,4.5,9.4,1,71.15
1166,2,3,13,1,4.9,4.9,3,14.62
1582,3,4,6,1,9.6,6.8,3,35.78
1412,4,5,15,1,9.0,7.1,1,120.34
1662,4,5,5,1,7.2,7.3,3,32.5
2476,5,5,11,1,6.9,9.8,1,186.34
1835,4,4,26,1,7.7,5.0,1,112.99
980,3,3,14,1,8.8,5.0,3,20.19
2163,5,5,11,1,5.2,8.2,1,120.01
667,2,2,30,0,7.2,4.7,1,37.04
1771,5,6,28,1,9.8,7.3,1,152.04
2345,5,6,22,1,8.0,8.8,3,46.93
1872,5,5,12,1,9.4,4.8,2,74.41
798,1,1,25,1,6.7,4.6,1,42.4
2195,5,6,6,1,4.5,9.1,1,115.72
3039,5,6,4,1,7.6,9.7,3,63.0
1314,4,5,14,1,6.2,6.2,2,38.95
2385,5,6,9,1,5.3,9.3,1,141.49
2978,5,5,4,1,9.8,6.5,3,64.65
1411,4,4,0,1,9.9,7.2,2,71.37
2290,5,5,5,1,6.5,7.3,2,72.44
2676,5,6,17,1,7.3,4.3,2,75.73
1273,4,4,20,1,4.2,4.0,1,47.66
2226,5,5,3,1,6.5,7.0,2,70.17
2398,5,6,27,1,10.0,4.4,2,89.47
986,2,3,5,1,6.9,8.2,3,19.93
1024,2,2,8,1,5.9,9.3,1,67.97
1324,3,3,24,1,9.5,6.1,3,27.42
1386,4,5,8,1,7.6,5.0,1,94.7
1443,3,3,4,1,6.2,7.2,3,24.28
3107,5,5,6,1,8.7,6.5,2,121.55
1890,4,5,14,1,9.0,8.8,1,173.55
1709,5,6,4,1,8.9,9.5,1,170.78
1104,3,3,23,1,7.1,9.8,3,23.37
2226,5,5,6,1,4.8,8.2,1,117.23
967,2,3,24,0,6.5,8.6,1,60.85
813,2,3,1,0,8.8,7.1,1,71.4
1169,2,2,21,1,8.7,9.5,1,102.19
1301,4,5,5,1,4.9,8.5,1,75.26
843,2,2,22,1,7.7,7.0,3,16.45
511,1,1,29,1,5.0,8.5,2,13.21
2185,5,5,26,1,8.2,5.1,2,70.33
1556,4,4,14,1,6.5,7.1,2,47.66
1321,3,3,10,1,7.0,6.2,1,86.95
1366,4,4,17,1,5.7,7.6,2,38.42
2734,5,6,5,1,5.1,4.4,2,55.69
1620,4,4,4,1,6.9,4.6,3,26.26
3132,5,5,11,1,7.5,4.6,3,47.88
1549,3,4,23,1,5.2,9.1,2,39.55
2432,5,6,15,1,8.6,7.6,3,50.32
1051,3,3,3,1,9.9,7.1,2,52.57
692,1,1,15,1,5.4,9.7,2,20.14
1348,3,3,21,1,7.6,6.0,2,44.22
2154,5,6,17,1,8.8,5.2,2,78.8
701,2,2,12,1,7.3,9.7,3,16.58
1113,3,3,15,1,6.7,4.2,2,30.78
961,3,4,15,1,8.3,6.9,2,38.98
3458,5,6,10,1,6.3,7.0,1,207.57
1438,3,4,12,1,4.3,9.0,3,20.32
803,2,2,7,1,10.0,6.5,2,38.95
1416,3,4,1,1,4.4,5.8,3,18.22
1281,4,4,10,1,7.4,9.4,2,52.45
1729,4,5,15,1,5.9,4.6,2,41.96
1466,4,4,15,1,6.0,7.7,3,25.19
1319,3,4,18,1,9.0,7.2,1,109.9
2313,5,6,8,1,7.7,9.7,1,194.39
2564,5,6,13,1,6.9,5.3,3,39.55
2055,5,5,28,1,5.2,6.4,2,44.78
1753,5,6,29,1,7.1,5.1,3,28.39
3188,5,5,11,1,9.1,9.4,3,72.0
1344,4,5,10,1,4.9,8.1,1,74.29
1281,4,4,8,1,7.8,9.1,1,110.08
1143,2,3,14,1,6.4,4.7,1,62.8
1162,3,3,0,1,6.5,9.4,2,42.86
2780,5,5,1,1,8.0,5.1,2,96.91
827,3,4,21,1,5.9,5.8,1,45.93
1920,4,5,15,1,9.1,5.4,3,37.85
1369,4,4,29,1,7.6,8.6,1,100.01
1295,4,5,27,1,4.6,5.3,1,54.41
970,3,4,21,0,7.2,8.2,2,33.68
2658,5,5,26,1,6.2,8.3,1,158.14
1231,4,5,20,1,8.1,8.7,1,102.59
1834,4,5,12,1,9.4,8.1,2,84.52
1345,3,4,6,1,9.6,9.5,2,71.5
2897,5,5,8,1,9.5,7.8,1,270.72
2734,5,5,26,1,6.8,6.5,2,76.0
1997,5,6,22,1,7.0,6.1,2,59.9
1631,4,4,12,1,7.8,5.1,1,109.53
1074,2,3,25,1,5.9,4.5,2,25.18
1270,4,5,6,1,6.9,8.4,2,47.58
3253,5,5,30,1,5.1,9.3,2,73.09
3030,5,5,8,1,7.9,7.8,3,57.91
1993,4,4,30,1,4.3,7.7,1,82.93
1613,5,6,3,1,4.7,8.3,3,26.41
2518,5,6,12,1,5.1,9.2,1,141.15
1311,3,4,5,1,7.6,10.0,1,114.27
1223,4,4,11,1,4.2,9.9,1,64.58
1019,3,4,21,1,6.7,4.1,3,16.34
1261,3,3,1,1,8.3,8.4,2,55.77
2008,5,5,8,1,6.8,6.1,1,129.11
1481,3,3,8,1,5.8,6.4,2,39.14
1016,3,4,4,1,9.6,9.3,2,55.28
2862,5,6,29,1,4.3,4.8,2,44.77
1275,4,5,28,1,7.7,8.6,2,48.52
1060,3,3,6,1,10.0,8.6,3,29.02
1086,3,4,3,1,5.1,6.8,1,60.37
2287,5,6,15,1,4.2,6.1,2,41.55
919,3,3,26,1,9.2,4.7,3,18.65
2157,5,5,16,1,8.9,7.4,3,45.96
2471,5,6,0,1,6.5,4.5,1,143.26
3154,5,6,4,1,4.7,6.2,3,37.14
1654,5,5,10,1,9.0,8.0,2,76.68
3271,5,5,27,1,7.7,6.7,3,51.81
2392,5,5,12,1,5.7,8.8,3,38.11
906,2,2,12,1,9.8,9.2,1,92.31
2584,5,5,11,1,4.9,5.8,3,31.53
2925,5,6,18,1,7.1,6.9,2,90.91
2027,5,6,2,1,8.5,8.9,1,186.11
2115,5,6,16,1,9.8,8.1,2,101.14
877,3,4,4,1,4.5,6.8,3,14.73
1807,5,5,17,1,9.4,9.0,3,44.26
1567,4,5,11,1,7.1,7.1,1,109.06
2382,5,5,25,1,8.6,4.1,1,152.21
2273,5,6,24,1,4.3,6.5,2,42.07
3091,5,5,5,1,8.8,6.0,3,58.91
1611,4,4,12,1,5.6,8.0,3,26.01
1551,4,5,19,1,7.9,6.8,1,113.48
2233,5,6,2,1,6.2,8.0,3,38.99
2249,5,5,6,1,5.1,8.9,1,129.55
2058,5,5,9,1,7.9,6.6,1,154.79
1091,2,3,30,1,6.8,4.1,1,56.38
1161,3,3,10,1,9.2,7.5,1,103.76
1573,4,5,1,1,9.1,6.6,3,36.24
3192,5,5,22,1,7.1,8.3,2,101.5
827,3,4,3,0,6.5,5.9,1,53.3
1081,2,3,11,1,6.7,6.6,2,33.88
1419,4,4,28,1,5.3,9.5,3,23.46
3230,5,6,25,1,6.3,6.5,3,44.89
2410,5,5,5,1,7.7,5.7,1,168.9
3242,5,6,7,1,7.0,8.8,3,58.3
1270,3,3,26,1,10.0,6.2,1,106.71
1604,4,4,17,1,4.2,4.4,3,17.59
2475,5,5,27,1,10.0,8.7,2,115.27
781,2,3,30,1,7.6,4.6,3,13.81
2016,5,5,16,1,9.8,8.7,1,194.3
1463,4,5,24,1,4.7,5.2,3,18.75
1467,3,3,27,1,9.2,4.9,3,26.56
2709,5,6,9,1,8.6,4.0,2,92.07
1571,3,3,24,1,5.6,8.3,1,87.46
1600,5,6,30,1,8.7,4.8,2,55.89
1047,2,2,2,1,6.2,4.2,3,15.3
820,2,2,28,1,9.9,5.0,2,33.06
3475,5,6,28,1,8.8,9.3,3,70.05
1369,4,4,26,1,9.2,8.3,3,31.72
1548,3,4,22,1,7.7,4.9,3,25.18
1346,3,4,12,1,6.4,5.2,3,21.2
1848,4,4,16,1,9.3,7.1,3,39.86
659,2,2,26,1,6.0,7.8,3,12.42
2356,5,6,20,1,6.5,7.0,3,37.57
999,3,3,14,0,4.3,7.9,1,45.92
2967,5,6,9,1,9.9,7.4,3,67.13
1495,3,3,10,1,7.4,4.8,3,24.5
931,3,4,2,0,8.9,6.2,1,79.09
1478,4,5,27,1,6.9,6.7,1,91.18
2229,5,6,26,1,7.8,10.0,2,86.74
1010,2,2,14,1,4.8,8.3,3,14.92
3111,5,6,3,1,4.9,7.4,3,40.52
982,3,4,9,1,5.7,7.1,3,17.71
1966,4,5,28,1,8.7,4.9,1,131.57
993,3,3,27,0,8.9,6.9,1,76.32
2515,5,5,24,1,7.4,9.4,2,89.31
1643,5,5,25,1,6.8,6.7,3,28.69
1531,3,4,23,1,6.5,5.4,3,22.54
1922,5,5,20,1,9.2,8.2,1,169.43
2436,5,6,16,1,9.7,7.3,1,219.56
3384,5,5,7,1,7.9,7.2,1,258.99
2009,5,5,15,1,6.7,8.8,3,37.77
663,2,3,8,0,6.0,5.1,1,36.93
1260,3,3,9,1,5.0,4.9,3,16.74
1392,3,3,9,1,5.0,7.7,3,20.44
1265,3,3,6,1,4.9,9.4,2,33.9
2420,5,5,8,1,7.5,7.0,3,43.96
688,1,1,8,1,7.3,4.4,2,21.18
2528,5,6,14,1,5.5,7.3,1,136.67
1040,2,2,17,1,7.0,8.7,3,20.06
1677,5,5,0,1,6.7,4.0,3,26.94
2203,5,5,18,1,5.6,5.5,2,51.79
1901,5,5,12,1,4.3,8.4,2,41.88
2892,5,6,28,1,8.4,10.0,1,240.04
2283,5,5,21,1,7.8,9.9,2,91.3
1398,3,3,19,1,5.3,9.8,2,38.4
2972,5,6,17,1,8.0,6.5,1,209.49
2959,5,5,11,1,7.9,7.2,3,54.73
1114,2,2,14,1,9.0,6.1,2,44.24
638,2,3,6,0,6.7,5.3,1,39.7
3552,5,5,8,1,8.9,5.3,2,131.92
1151,3,3,27,1,8.2,5.3,3,20.79
2148,5,5,18,1,7.0,7.3,3,37.14
2793,5,5,27,1,4.8,9.6,1,140.09
2205,5,5,30,1,8.1,7.7,3,41.2
3214,5,6,8,1,9.7,4.3,3,59.97
2441,5,5,8,1,6.8,6.2,3,40.05
1148,2,2,23,1,6.7,4.0,3,15.74
1250,3,4,9,1,6.5,4.4,3,19.42
2609,5,6,7,1,4.6,6.9,3,32.74
2659,5,5,24,1,9.8,9.0,1,248.26
1939,4,4,29,1,8.6,7.8,2,73.15
2519,5,6,1,1,9.3,8.2,2,120.38
800,2,3,27,1,6.6,4.6,3,12.85
2831,5,6,12,1,7.7,6.5,1,199.79
1419,3,4,16,1,9.3,7.7,2,63.1
2300,5,5,20,1,4.6,4.1,1,88.49
1633,4,4,25,1,6.5,8.3,2,49.91
3362,5,6,18,1,5.9,6.6,1,182.39
1426,4,4,16,1,4.9,5.9,1,67.31
2649,5,6,11,1,4.9,5.4,3,31.58
843,2,3,22,1,7.8,5.2,1,55.63
3389,5,6,10,1,6.0,7.5,3,49.51
1745,4,4,22,1,9.3,9.5,2,81.07
2471,5,6,6,1,5.3,6.9,3,35.16
694,1,1,9,0,6.2,4.4,1,35.88
1154,2,2,28,1,4.3,4.2,2,18.3
1117,2,2,26,1,6.0,7.3,1,61.99
1497,3,4,29,1,4.1,8.1,1,62.25
2151,5,5,3,1,5.4,8.9,2,61.01
1496,4,5,19,1,8.8,5.2,1,110.08
2032,5,6,25,1,5.5,4.3,3,25.39
2867,5,5,23,1,4.3,8.8,1,127.37
1094,3,4,15,1,8.7,7.7,2,47.59
2245,5,6,8,1,5.9,6.2,1,127.95
724,1,1,14,1,9.5,7.5,3,16.82
1494,3,4,8,1,5.3,6.6,2,37.12
1797,4,4,14,1,8.5,5.8,1,134.01
1559,4,5,8,1,6.6,6.8,2,49.78
867,2,3,26,1,6.7,5.6,1,50.27
932,2,3,1,1,8.7,9.6,1,92.15
2636,5,5,22,1,6.0,5.8,3,35.47
2380,5,5,24,1,10.0,8.5,1,220.96
1552,3,4,20,1,8.7,6.4,2,58.97
2330,5,6,7,1,9.2,5.4,1,188.81
1669,4,5,27,1,8.5,8.3,3,34.97
2782,5,6,4,1,6.5,6.6,3,44.6
1754,5,6,7,1,5.8,8.4,1,112.3
2233,5,6,18,1,8.5,8.6,3,47.65
3309,5,6,12,1,9.5,4.9,1,256.58
1699,5,6,20,1,4.4,6.3,2,35.01
1115,3,3,5,1,5.0,8.0,1,62.38
2147,5,6,1,1,5.7,5.4,2,55.24
1563,3,3,4,1,5.0,9.2,1,90.59
3014,5,5,27,1,8.5,6.3,2,102.9
1076,3,3,16,1,8.9,8.0,2,48.09
1041,2,3,19,1,5.7,4.0,2,23.64
1734,5,5,23,1,6.0,7.4,3,28.24
2261,5,6,19,1,9.3,6.7,3,47.64
2037,5,6,12,1,6.5,5.1,1,118.32
2257,5,5,28,1,8.2,4.6,1,142.3
2166,5,5,29,1,9.3,7.2,2,87.21
2429,5,6,14,1,4.7,6.2,3,29.78
859,3,4,10,1,7.0,6.8,1,61.49
2287,5,6,21,1,4.2,5.5,2,39.74
2140,5,5,15,1,6.8,4.5,2,58.92
938,3,3,17,1,5.0,4.1,1,41.24
1064,3,3,6,1,8.6,8.1,3,25.7
770,1,2,22,1,7.2,6.7,3,13.61
1494,3,3,11,1,7.6,4.3,1,94.81
3671,5,5,21,1,4.5,6.5,1,152.33
2711,5,5,1,1,9.8,4.6,1,226.84
2060,5,6,30,1,8.9,5.9,1,148.4
1107,3,4,0,1,5.3,6.1,1,61.21
1303,4,4,2,1,5.3,7.9,2,37.63
3587,5,5,8,1,5.8,7.6,2,95.78
1517,3,4,5,1,5.9,7.8,3,25.5
1715,5,5,19,1,5.9,9.1,3,30.99
1218,3,3,0,1,6.3,7.8,2,40.42
2435,5,5,4,1,5.9,8.4,1,155.57
2100,5,6,23,1,5.2,6.3,2,47.67
2446,5,6,24,1,5.7,7.9,1,133.55
1845,4,4,19,1,6.0,5.5,3,26.13
531,2,2,30,1,5.9,6.7,3,10.11
1001,2,2,7,1,10.0,9.6,3,27.48
2325,5,6,5,1,8.3,5.9,2,87.83
2083,5,6,2,1,5.7,6.7,2,58.1
1627,5,5,26,1,6.4,5.0,2,43.34
2787,5,5,17,1,4.1,6.3,2,47.53
1312,4,4,10,1,6.3,5.8,2,38.29
509,2,3,12,1,5.2,9.5,2,17.65
2097,5,6,28,1,6.2,6.9,3,31.9
1147,3,4,24,1,6.3,7.4,1,70.21
2081,5,5,20,1,6.1,8.3,3,34.37
715,2,2,22,1,8.4,5.5,2,26.22
1258,3,3,3,1,6.7,8.1,3,24.51
2278,5,5,28,1,8.3,6.3,3,40.49
3429,5,6,23,1,5.5,5.8,2,73.45
1924,5,5,8,1,9.2,4.7,3,38.68
3638,5,5,3,1,6.4,5.8,3,51.6
1321,4,4,5,1,6.5,6.5,3,24.06
1760,4,5,18,1,4.8,6.9,3,23.91
2613,5,6,28,1,5.2,8.5,1,134.46
2848,5,5,9,1,7.8,7.7,2,104.67
1956,5,6,21,1,5.7,6.1,1,102.53
544,1,1,6,1,4.4,8.5,1,28.21
1279,4,5,24,1,7.1,9.8,3,27.82
1426,4,4,30,1,6.0,8.1,2,40.3
1452,4,4,0,1,6.3,4.3,2,40.17
3130,5,5,27,1,6.4,9.0,3,48.6
1649,5,6,21,1,8.5,5.5,3,32.26
618,2,2,25,1,9.7,8.9,3,17.04
1541,3,4,13,1,6.7,7.6,3,27.33
3022,5,6,19,1,9.9,9.1,2,144.64
2527,5,5,15,1,9.2,9.3,1,238.22
3641,5,5,28,1,9.0,10.0,2,154.8
1238,3,3,3,1,6.9,7.2,1,87.86
1394,4,5,7,1,4.2,9.6,3,22.47
995,2,3,2,1,6.9,9.4,3,21.51
2465,5,6,12,1,9.2,9.6,2,119.62
2100,5,5,7,1,8.4,6.3,3,41.82
2382,5,5,18,1,4.5,4.5,2,41.39
469,1,1,27,0,9.7,7.5,2,19.6
1003,2,2,12,1,8.8,9.6,2,46.74
1337,3,4,21,1,5.9,8.9,2,39.73
2766,5,6,9,1,5.7,8.5,3,43.12
2280,5,5,15,1,4.7,10.0,3,33.58
1063,2,2,22,1,4.4,8.9,2,23.19
1341,3,3,17,1,9.1,8.4,1,119.48
2437,5,5,16,1,8.1,9.9,2,102.47
2796,5,5,4,1,8.2,5.2,2,98.06
3187,5,6,20,1,9.2,4.3,3,53.94
2982,5,5,25,1,6.7,6.9,1,177.26
2795,5,5,12,1,7.9,6.2,3,49.41
802,3,4,5,1,8.1,5.0,2,31.04
3447,5,5,1,1,7.9,7.6,3,65.1
3323,5,5,24,1,6.9,8.1,2,100.96
1635,4,4,3,1,6.3,7.8,3,29.18
1204,4,5,22,1,7.8,9.5,2,50.8
2107,5,6,18,1,5.1,6.9,3,29.19
2563,5,6,26,1,4.4,9.5,2,54.11
2624,5,5,16,1,7.3,7.2,2,86.98
997,2,2,5,1,8.3,8.7,3,23.1
2581,5,5,4,1,5.1,7.3,3,35.88
2776,5,5,3,1,5.0,7.4,3,37.59
3519,5,5,9,1,9.8,5.0,2,140.35
1832,4,5,22,1,9.4,5.8,3,36.67
2226,5,5,1,1,7.6,7.1,2,82.49
1021,2,3,8,1,9.1,5.3,2,41.05
1270,3,4,14,1,6.5,7.3,3,22.5
1042,2,2,20,1,8.1,9.6,2,43.47
1484,3,4,26,1,8.2,5.2,3,25.46
1245,4,4,17,1,6.3,9.8,2,43.19
906,3,4,4,1,6.4,6.0,3,17.58
3545,5,6,30,1,5.6,4.6,1,151.84
1356,4,4,16,1,5.1,8.4,1,74.94
2010,5,5,10,1,9.2,7.3,3,45.71
2197,5,6,18,1,5.1,8.8,2,55.16
2142,5,6,18,1,8.1,8.3,1,171.09
1480,3,4,22,1,9.5,7.8,1,129.78
1760,5,6,16,1,9.9,8.8,2,90.23
3272,5,6,27,1,5.8,9.1,1,185.28
919,2,2,23,0,4.5,5.4,1,36.37
1774,4,5,15,1,9.8,6.5,1,155.85
1551,3,3,22,1,9.3,8.2,3,34.05
2377,5,6,30,1,8.5,5.5,3,40.75
1474,3,4,30,1,9.4,5.0,3,27.25
971,2,2,9,0,6.3,6.2,2,26.36
1527,4,4,29,1,4.0,7.8,1,62.59
530,2,3,9,1,9.1,4.3,3,12.69
1544,3,3,13,1,6.1,8.3,1,97.46
1562,4,4,4,1,7.2,9.4,1,127.6
1342,4,4,17,1,5.4,6.4,2,34.18
1622,4,5,23,1,9.9,7.9,1,148.34
964,3,3,4,0,9.3,8.3,2,46.77
1708,5,5,13,1,5.0,5.2,1,79.84
1391,4,5,4,1,8.8,8.3,2,65.16
1428,3,3,1,1,8.8,4.8,1,111.39
552,2,3,9,0,6.6,7.6,2,18.91
1133,3,3,27,1,7.7,8.4,1,83.42
1155,2,2,6,1,5.5,8.9,3,19.16
989,3,3,8,1,7.8,4.9,3,19.26
911,2,3,13,1,6.6,7.7,1,61.83
820,3,3,9,0,5.3,6.6,1,43.97
2971,5,5,0,1,8.3,5.5,2,108.12
1306,3,4,5,1,5.9,5.7,3,20.49
928,2,2,10,0,6.2,5.8,2,24.52
1483,4,4,18,1,8.7,7.2,3,31.72
988,2,2,22,0,4.8,8.5,1,47.46
1697,4,4,1,1,7.7,5.8,3,31.73
2886,5,6,14,1,7.3,5.5,2,87.68
1579,3,3,19,1,9.5,4.4,1,116.4
818,2,3,15,1,5.7,9.7,1,54.13
1508,4,5,19,1,5.0,8.5,1,80.65
1972,4,5,16,1,4.0,7.4,1,83.03
1336,4,4,5,1,5.6,9.1,3,24.82
1053,3,3,8,1,5.4,4.2,3,15.09
2665,5,5,20,1,7.9,5.5,1,174.87
3265,5,5,13,1,9.8,5.9,3,66.04
2637,5,5,23,1,5.9,4.3,2,58.21
2141,5,6,30,1,5.5,4.1,1,92.08
2641,5,6,8,1,7.8,7.3,3,50.0
1069,2,3,11,1,8.8,8.5,3,24.85
1129,2,2,18,1,4.6,5.1,2,21.26
1363,3,4,21,1,5.1,5.7,3,18.22
1656,5,5,23,1,4.9,6.6,1,78.44
935,3,3,3,1,8.5,4.1,3,19.07
2477,5,5,30,1,9.6,4.8,3,44.55
2550,5,5,6,1,8.8,4.1,1,182.75
1357,4,4,7,1,9.4,8.9,3,35.4
647,1,1,17,1,5.6,7.3,3,10.24
459,1,1,7,1,9.3,6.5,3,11.43
3111,5,5,15,1,6.1,5.7,1,166.25
1309,3,4,3,1,5.3,9.7,1,83.37
1116,3,3,21,1,9.4,7.6,1,97.7
1319,3,4,29,1,8.1,7.7,3,26.15
2294,5,5,27,1,9.6,8.9,2,104.73
1052,3,4,26,1,8.7,4.9,1,73.04
1045,3,3,5,1,6.6,8.4,3,21.46
2242,5,6,4,1,5.9,6.5,2,62.61
1868,5,5,12,1,9.5,6.3,3,41.02
2242,5,5,7,1,6.5,7.5,3,38.46
1890,4,4,1,1,10.0,4.1,1,159.28
2649,5,6,4,1,9.1,9.2,2,128.66
1236,3,3,23,1,9.8,9.5,3,31.2
675,2,3,1,1,8.2,6.3,3,16.0
1976,4,4,4,1,7.5,6.9,3,36.76
2695,5,5,24,1,5.5,4.1,1,115.86
3281,5,6,23,1,4.8,7.2,3,38.13
1070,2,2,16,1,8.2,5.7,3,19.64
2881,5,6,22,1,9.0,8.1,2,118.11
1495,3,3,12,1,5.6,4.6,1,73.17
3508,5,6,15,1,6.4,8.9,1,228.97
796,2,3,6,1,6.4,6.3,3,14.78
2756,5,5,9,1,4.5,7.6,1,129.54
2433,5,5,17,1,4.4,7.6,1,109.1
1918,4,5,1,1,5.4,4.5,1,94.41
1453,4,5,16,1,9.7,4.1,1,110.94
2268,5,6,13,1,8.4,9.8,2,101.65
1057,3,4,18,1,4.6,8.8,3,17.4
1673,4,4,28,1,5.7,4.9,1,77.92
1081,3,4,25,1,7.9,8.6,3,23.53
1604,5,5,6,1,6.2,9.1,2,55.75
2063,5,5,25,1,4.4,4.9,3,22.5
2515,5,6,3,1,7.3,9.8,2,100.27
1306,4,5,2,1,9.6,5.0,1,111.88
1695,5,6,20,1,8.6,5.5,3,33.81
1466,4,5,13,1,9.8,6.9,1,135.16
2749,5,6,2,1,4.8,6.2,3,34.81
3702,5,5,23,1,6.7,9.3,3,59.89
2782,5,6,5,1,8.9,4.0,3,49.61
2173,5,6,14,1,5.3,9.2,1,127.43
958,3,4,6,0,4.7,5.1,2,19.91
2267,5,5,8,1,10.0,6.9,2,106.8
2095,5,5,19,1,4.9,6.8,3,27.95
1603,5,5,1,1,9.6,6.2,1,146.69
1287,3,3,4,1,9.7,8.1,1,127.24
1648,5,5,21,1,4.5,9.2,2,39.5
3004,5,6,5,1,9.0,4.6,1,226.51
2523,5,6,29,1,6.9,7.2,2,74.66
2965,5,5,23,1,8.9,7.4,2,115.8
2666,5,5,4,1,4.9,8.0,3,37.15
2552,5,6,16,1,7.0,5.9,1,158.81
2080,5,5,6,1,9.7,9.1,2,108.01
1091,3,3,11,1,6.5,7.3,1,71.58
603,2,2,9,1,9.8,7.5,1,59.55
1658,5,6,11,1,8.2,7.9,1,138.74
971,2,3,13,0,7.1,8.6,2,33.72
2750,5,6,22,1,7.3,6.3,1,174.69
946,2,3,3,0,10.0,8.8,1,99.79
1945,4,5,27,1,4.6,6.7,3,23.58
974,3,3,11,1,8.7,7.3,1,84.18
2526,5,5,30,1,9.4,7.9,2,103.9
2145,5,6,21,1,7.0,5.6,1,128.25
2546,5,6,5,1,4.2,4.2,2,43.15
1144,3,3,25,1,5.5,9.8,2,33.37
3522,5,6,28,1,4.8,7.8,2,70.0
2584,5,6,26,1,6.6,4.6,1,134.93
1386,3,3,0,1,9.0,5.0,2,55.68
2037,5,6,0,1,8.6,4.9,3,40.5
2502,5,5,20,1,9.9,7.8,1,229.72
2339,5,6,21,1,5.2,9.0,2,58.83
2090,5,5,14,1,9.6,7.8,1,194.26
2969,5,5,15,1,4.6,5.7,1,126.33
651,1,2,30,1,6.3,6.9,1,37.18
3038,5,5,9,1,6.3,5.9,2,80.83
2790,5,6,11,1,8.0,7.8,1,218.72
1804,5,5,6,1,7.6,4.0,3,30.75
1062,3,3,28,1,4.1,7.1,3,13.98
2236,5,6,8,1,4.8,4.5,2,44.42
1332,4,5,16,1,6.1,7.3,1,82.62
2754,5,6,3,1,5.5,5.2,1,141.4
3317,5,6,28,1,5.9,8.8,3,47.54
2050,5,6,6,1,8.5,8.9,3,48.03
1644,4,5,18,1,9.4,8.9,2,77.97
3407,5,6,0,1,9.0,7.9,3,73.96
1241,3,4,11,1,6.6,5.1,2,35.8
577,2,2,14,1,4.7,5.9,2,14.06
1996,4,4,17,1,7.4,6.3,1,131.56
2179,5,6,10,1,9.7,8.8,3,55.02
1751,5,6,3,1,5.2,8.8,1,105.6
1225,3,4,0,1,7.6,7.5,1,98.36
1314,4,4,28,1,9.9,9.5,3,34.19
847,2,3,23,1,4.2,7.9,3,12.28
1885,5,6,19,1,8.5,6.4,2,71.1
2764,5,6,30,1,8.2,6.7,2,93.38
1032,3,4,7,1,5.3,9.0,1,63.91
2638,5,5,8,1,8.3,8.9,1,230.4
864,3,4,8,1,4.7,9.7,1,51.97
2820,5,6,21,1,6.8,4.8,3,39.15
1732,5,6,24,1,5.4,6.9,3,26.45
2294,5,5,21,1,4.6,8.6,1,111.26
1742,4,4,21,1,8.2,4.5,1,112.49
1175,3,4,22,1,5.1,4.6,2,25.0
1012,3,4,14,1,9.1,4.6,1,77.87
844,3,3,21,1,5.2,6.4,3,13.87
2882,5,5,0,1,7.9,4.9,3,49.65
1825,5,6,3,1,5.6,6.9,1,108.17
1534,4,5,1,1,6.1,5.3,1,89.93
2356,5,5,9,1,4.6,7.9,2,51.93
1740,5,5,21,1,7.6,7.2,1,122.36
791,1,2,7,0,9.8,5.3,1,65.7
1550,4,4,7,1,9.3,8.2,1,148.22
2530,5,6,22,1,5.6,5.2,3,32.11
3035,5,6,27,1,4.0,5.1,3,28.29
1092,3,4,4,1,5.0,8.1,1,63.29
1115,3,3,5,1,6.8,6.0,3,20.29
1950,5,5,15,1,7.6,9.8,1,158.46
2711,5,5,24,1,7.4,9.9,1,202.07
1734,5,6,21,1,8.8,6.0,2,66.98
1345,4,5,3,1,6.8,9.0,2,51.37
3535,5,5,11,1,8.4,4.1,3,56.1
1604,4,4,6,1,7.5,8.2,1,127.46
2887,5,5,8,1,7.8,9.8,2,119.22
1576,4,5,6,1,9.3,6.3,2,68.79
995,3,4,9,1,8.2,9.0,3,24.65
1680,4,5,19,1,7.0,8.1,1,116.57
2579,5,6,1,1,5.8,5.7,1,143.38
521,2,2,1,1,4.7,6.9,3,9.77
1759,4,4,22,1,9.3,8.7,2,78.81
882,2,2,15,1,5.2,7.5,3,13.94
1587,3,4,29,1,8.9,7.8,1,125.46
2881,5,5,8,1,5.0,6.6,2,63.06
1338,4,4,12,1,5.2,5.8,3,19.93
2244,5,6,11,1,4.6,7.2,2,48.58
3061,5,6,2,1,9.8,6.8,2,142.63
1943,5,5,19,1,9.4,8.7,3,46.22
2750,5,6,21,1,9.3,4.3,3,47.77
796,1,2,19,1,6.8,4.3,3,11.84
2830,5,5,22,1,7.4,8.1,2,94.49
1026,2,3,20,1,7.4,9.8,1,80.28
1160,2,2,4,1,8.8,7.7,1,103.28
946,2,3,12,0,7.1,5.5,1,58.64
1222,4,5,27,1,6.9,5.1,2,36.03
1129,2,2,16,1,6.6,7.8,1,74.04
1323,3,4,11,1,5.2,6.9,3,19.97
1675,5,5,0,1,6.3,8.8,2,58.48
1348,4,4,29,1,7.4,4.1,1,77.03
1300,3,4,16,1,6.8,8.3,1,91.15
1811,4,4,20,1,5.3,9.4,3,28.11
2305,5,6,25,1,8.3,6.0,3,41.52
2727,5,6,30,1,9.5,4.4,2,94.35
1770,5,5,22,1,5.1,8.3,3,27.13
1548,3,3,27,1,6.1,7.7,3,23.75
3185,5,6,24,1,4.6,4.6,1,120.13
2903,5,6,29,1,8.8,4.6,3,46.83
2412,5,6,19,1,5.5,4.2,3,29.33
2257,5,5,20,1,9.5,5.9,1,181.05
2200,5,5,23,1,5.2,6.9,1,107.14
1947,4,4,1,1,8.9,5.2,3,38.9
1862,4,5,5,1,6.2,6.4,1,113.97
2700,5,6,11,1,7.9,7.0,3,50.43
1621,5,5,18,1,9.1,8.8,3,39.28
1215,4,4,7,1,5.8,4.7,3,19.24
2270,5,5,30,1,9.5,5.5,2,84.28
3170,5,6,19,1,7.5,9.1,3,58.08
3202,5,5,1,1,9.4,7.5,3,70.9
813,2,3,29,1,5.2,9.3,2,22.59
3275,5,6,2,1,5.4,4.4,1,158.49
2935,5,5,8,1,8.4,9.6,3,64.51
2122,5,6,9,1,4.2,7.0,1,95.24
2489,5,6,21,1,4.1,4.3,1,87.78
2463,5,6,22,1,7.3,4.3,1,140.6
2031,5,6,6,1,4.7,4.7,1,89.29
570,2,2,25,0,5.4,4.6,1,25.84
1121,2,3,11,1,4.5,4.8,1,46.95
1536,3,3,2,1,10.0,4.8,1,132.34
2628,5,6,22,1,5.2,8.2,3,36.24
2131,5,6,22,1,8.7,5.8,2,78.1
2277,5,6,2,1,4.3,9.4,1,118.3
1353,3,3,11,1,9.0,7.1,1,116.28
1624,5,5,0,1,4.2,5.4,1,71.19
1344,3,3,8,1,5.6,7.5,1,79.16
1509,3,3,6,1,7.0,9.2,2,55.82
1353,4,4,29,1,6.6,4.3,3,20.17
2616,5,5,10,1,9.5,9.4,2,129.52
2347,5,5,17,1,6.6,6.6,3,37.01
3696,5,6,18,1,9.6,5.7,3,70.03
1682,4,4,29,1,5.6,9.8,3,27.22
1250,4,5,18,1,9.7,4.5,3,26.69
1251,3,3,9,1,5.6,5.6,3,18.51
1632,4,5,0,1,9.0,9.1,2,81.47
1192,2,2,8,1,6.9,9.1,2,43.17
1119,3,4,27,1,5.9,4.4,3,16.03
2037,5,5,3,1,7.8,4.9,1,142.19
1942,4,4,1,1,8.1,9.2,1,175.39
2749,5,5,19,1,9.9,4.1,2,102.23
1779,4,4,10,1,4.5,6.7,1,82.07
2881,5,5,10,1,6.5,7.9,3,47.21
2127,5,6,19,1,6.0,6.4,2,55.85
3057,5,5,19,1,4.3,9.6,2,61.96
1773,5,5,12,1,7.1,8.7,2,65.89
2453,5,5,30,1,7.9,4.9,1,149.94
2069,5,5,27,1,7.4,10.0,1,157.41
1801,5,6,6,1,7.6,8.0,1,144.27
2576,5,5,14,1,9.5,6.0,2,105.36
3346,5,6,2,1,8.2,6.7,1,262.92
1719,4,5,25,1,4.5,6.2,3,21.12
3134,5,6,21,1,9.0,9.9,3,69.38
1423,3,3,13,1,7.6,8.8,1,111.91
2486,5,6,0,1,7.5,7.8,1,193.96
3160,5,5,27,1,5.6,7.3,2,72.77
858,3,4,11,0,4.1,5.0,2,15.87
2983,5,5,23,1,8.3,4.7,1,190.53
3051,5,6,9,1,9.5,9.7,3,74.57
2464,5,5,28,1,4.8,5.1,3,26.74
1498,4,4,16,1,6.2,7.9,3,26.33
1338,4,4,18,1,9.7,4.6,2,53.67
1596,4,5,10,1,7.5,9.1,3,34.7
2911,5,6,16,1,4.3,9.7,1,140.52
1090,3,4,15,1,5.9,6.1,3,18.02
3664,5,5,21,1,5.7,9.5,1,213.75
2428,5,5,30,1,5.2,9.0,1,126.76
2700,5,6,6,1,8.8,4.0,3,47.47
1002,3,4,29,1,6.6,6.7,3,17.89
2941,5,6,2,1,9.5,4.7,3,58.23
1447,3,3,23,1,8.4,4.7,2,47.28
2070,5,6,28,1,7.0,5.7,1,121.9
1803,4,4,30,1,4.6,8.2,2,37.82
2864,5,5,8,1,5.5,7.5,1,160.41
1310,3,3,30,1,8.9,8.4,2,54.03
840,2,2,1,1,8.5,4.0,3,16.3
1222,4,5,16,1,7.7,7.8,2,48.16
2877,5,6,25,1,9.3,9.0,1,254.51
927,2,3,13,1,6.1,6.9,3,16.14
1112,3,3,11,1,5.5,6.5,2,29.51
2730,5,6,21,1,4.8,9.3,3,37.11
2774,5,5,17,1,5.6,5.3,2,62.45
2612,5,6,8,1,8.0,6.5,2,96.11
2085,5,6,14,1,6.9,5.3,2,61.38
2509,5,6,4,1,9.3,7.2,3,56.41
1498,4,5,24,1,9.7,4.1,1,110.76
1464,3,3,26,1,7.9,7.1,1,102.74
3050,5,6,6,1,5.4,8.8,3,45.78
640,1,2,25,0,9.6,4.2,1,44.95
2226,5,6,23,1,4.1,7.8,2,41.84
2382,5,5,2,1,7.9,4.8,2,80.17
640,1,1,23,1,8.2,8.4,3,13.71
1366,4,5,16,1,5.2,7.6,2,36.11
1276,4,5,9,1,5.6,5.2,2,33.19
1717,4,5,0,1,9.8,7.4,1,171.82
1862,4,5,7,1,6.4,6.2,3,30.29
1479,3,4,10,1,6.4,5.4,1,85.45
1098,3,3,2,1,9.9,4.6,3,24.48
2728,5,5,24,1,9.0,7.1,3,52.97
1058,3,4,27,1,5.9,6.0,2,27.67
1729,5,6,30,1,5.3,7.4,3,26.17
1881,4,4,13,1,6.8,6.9,2,58.94
1800,4,4,6,1,4.8,4.1,2,35.16
1101,3,3,23,1,4.2,6.5,1,46.39
1614,5,6,16,1,6.4,5.8,2,46.92
1325,3,4,16,1,7.4,5.0,2,41.49
3142,5,5,16,1,6.8,9.6,2,105.91
1058,2,2,9,1,4.1,6.5,2,20.23
1403,3,4,19,1,8.2,7.2,1,106.11
1430,3,3,8,1,7.8,9.3,2,59.03
2054,5,6,17,1,7.5,5.8,2,66.87
944,2,3,5,1,5.2,7.6,3,15.45
2107,5,6,18,1,4.8,7.1,1,101.55
2372,5,5,5,1,7.6,9.8,3,50.4
2592,5,5,5,1,9.9,4.5,1,214.08
787,2,3,21,0,5.9,9.4,1,48.77
2490,5,6,9,1,5.4,6.4,1,131.92
2738,5,6,22,1,7.2,9.3,2,94.7
2541,5,6,20,1,7.4,6.9,2,82.51
2479,5,6,6,1,9.2,9.1,1,242.25
2405,5,5,14,1,6.3,5.1,1,131.1
920,3,4,16,1,4.0,5.9,1,38.69
1537,4,5,20,1,7.9,7.9,1,116.4
3145,5,6,5,1,8.9,9.2,3,71.65
731,1,1,22,1,8.5,8.8,3,15.95
986,3,3,10,0,4.5,9.0,1,50.85
1406,4,4,28,1,7.9,8.4,1,106.75
3225,5,6,26,1,9.7,7.1,3,64.97
1758,5,5,5,1,4.4,9.0,1,92.55
1559,3,4,8,1,7.7,8.1,2,60.35
2250,5,5,3,1,6.0,7.4,1,141.98
1969,4,4,25,1,8.4,5.1,1,130.07
2332,5,6,26,1,6.2,4.5,3,30.87
1363,4,5,5,1,8.5,8.4,1,123.02
1136,2,2,9,1,5.9,5.4,3,16.3
1939,5,6,26,1,5.6,6.9,2,48.68
1511,3,4,11,1,4.2,9.0,1,73.57
2260,5,5,16,1,8.8,5.2,3,42.17
3112,5,6,4,1,5.3,5.6,2,70.23
1963,4,5,22,1,6.2,6.3,2,51.62
1585,4,5,20,1,9.2,4.0,2,57.4
1681,4,4,14,1,9.5,5.8,1,139.9
2353,5,5,8,1,7.6,8.2,2,89.48
1344,3,3,13,1,6.0,8.1,3,22.73
